﻿viha,pelko,inho,onnellisuus,suru,yllätys,neutral,ahdistus,rakkaus,masennus,halveksunta,ylpeys,häpeä,mustasukkaisuus,,,,,,,,,,,,,,,,,,,,,
X,,,,,,,,,,,,,,aggressiivinen,aggressio,,,,,,,,,,agressiivinen,agressio,,,,,,,,
,,,,,,,X,,,,,,,ahdistus,ahdistuneisuus,ahdistunut,,,,ahdistua,ahdistaa,,,,ahdistuksentunne,ahdistuneisuudentunne,ahdistaapi,ahdistustila,,,,,,
,,,,X,,,,,,,,,,alakuloisuus,alakuloinen,,,,,,,,,,alakulo,,,,,,,,,
,X,,,,,,,,,,,,,alistuneisuus,alistuminen,alistunut,alistuva,,,alistua,alistaa,,,,alistumismieliala,,,,,,,,,
,,,,,,,,,X,,,,,apaattisuus,apaattinen,apatia,,,,,,,,,,,,,,,,,,
,,,,X,,,,,,,,,,apeus,apea,,,,,apeutua,,,,,,,,,,,,,,
,X,,,,,,,,,,,,,arkuus,arka,,,,,arkailla,arastaa,arastella,,,,,,,,,,,,
X,,,,,,,,,,,,,,ärsyyntynyt,ärsyyntyminen,,,,,ärsyyntyä,ärsyttää,,,,ärsytellä,ärsytellyt,,,,,,,,
X,,,,,,,,,,,,,,ärtymys,ärtyneisyys,ärtynyt,,,,ärtyä,ärsyttää,ärsyyntyä,,,ärtyinen,ärtyminen,ärtyily,ärtyisyys,,,,,,
,X,,,,,,,,,,,,,avuttomuus,,,,,,,,,,,avuttomuustila,avuttomuudentunne,avuttomuudentila,avuton,,,,,,
,,,,,,,,X,,,,,,empatia,empaattisuus,empaattinen,,,,,,,,,empaattisesti,,,,,,,,,
,,,X,,,,,,,,,,,energinen,energisyys,,,,,energistää,energisoida,,,,,,,,,,,,,
,,,,,,,X,,,,,,,epäilys,epäily,epäilevyys,epäileväisyys,epäilevä,epäilyttävä,epäillä,epäilyttää,,,,,,,,,,,,,
,X,,,,,,,,,,,,,epäluuloisuus,epäluulo,epäluuloinen ,,,,,,,,,,,,,,,,,,
,,,,,,,X,,,,,,,epätietoisuus,,,,,,,,,,,epätietoinen,,,,,,,,,
,X,,,,,,,,,,,,,epätoivo,epätoivoisuus,,,,,,,,,,epätoivoinen,epätoivonen,epätoivontunne,epätoivoisesti,epätoivosesti,,,,,
,,,,,X,,,,,,,,,epäusko,,,,,,,,,,,epäuskoinen,epäuskoisuus,,,,,,,,
,,,,,,,X,,,,,,,epävarmuus,epävarma,,,,,,,,,,epävarmuudentila,epävarmuudentunne,epävarmuustila,epävarmuustunne,,,,,,
,,,,X,,,,,,,,,,haikeus,,,,,,haikailla,,,,,haikee,haikeena,haikiasti,haikea,haikeasti,,,,,
,,,,,,,,X,,,,,,halu,halukas,,,,,haluta,haluttaa,,,,,,,,,,,,,
,,,,,,,,,,X,,,,halveksunta,halveksuminen,halveksiva,,,,halveksua,halveksia,,,,,,,,,,,,,
,,,,,X,,,,,,,,,hämmästys,hämmästynyt,hämmästyneisyys,,,,hämmästyä,hämmästyttää,hämmästellä,,,hämmästely,,,,,,,,,
,,,,,X,,,,,,,,,hämmennys,hämmentyneisyys ,,,,,hämmentyä,hämmentää,,,,,,,,,,,,,
,,,,,,,,,,,,X,,häpeä,häpeilevä,,,,,hävetä,hävettää,häpeillä,,,häpeällinen,häpeäntunne,häpeätunne,,,,,,,
,,,,,,,,,X,,,,,harmaus,harmaa,,,,,harmaantua,,,,,,,,,,,,,,
,,,,X,,,,,,,,,,harmi,harmistus,harmittaa,,,,harmistua,,,,,harmintunne,harmissaan,harmistuttava,harmitus,,,,,,
,,,,,,,,X,,,,,,hartaus,,,,,,,,,,,,,,,,,,,,
,,,,,,,X,,,,,,,hätäännys,hätä,,,,,hätäillä,hätääntyä,hätäännyttää,,,hätäily,hätäinen,hätäisyys,,,,,,,
,,,X,,,,,,,,,,,hauskuus,hauska,,,,,hauskuuttaa,,,,,hauskuttelu,hauskanpito,hauskuudenpito,hauskuutus,,,,,,
,,,,,,,,X,,,,,,hellyys,hellä,,,,,helliä,hellyyttää,heltyä,,,hellävarainen,,,,,,,,,
,,,X,,,X,,,,,,,,helpotus,helpottuneisuus,helpottunut,helpottaa,,,helpottaa,helpottua,,,,helpota,helpottuneisuuden,helpotuksentunne,,,,,,,
,,,,,,,X,,,,,,,hermostuneisuus,hermostunut,hermostus,,,,hermostua,hermoilla,hermostuttaa,,,hermostressi,hermostumistila,,,,,,,,
,,,X,,,,,,,,,,,hilpeys,hilpeä ,,,,,hilpeillä,hilpeyttää,,,,hilpeilee,hilpeilevä,,,,,,,,
,,,,,,,,X,,,,,,himo,himokas,,,,,himoita,himota,himotuttaa,,,himokkaasti,himottaa,,,,,,,,
,,,,,,,X,,,,,,,huoli,huolestuneisuus,,,,,huolia,huolehtia,huolettaa,huolestua,,huolenkanto,huolensekainen,huolestumus,huolestus,huolestuttaa,,,,,
,,,X,,,,,,,,,,,huvittuneisuus,huvittunut,,,,,huvittua,huvittaa,huvitella,,,,,,,,,,,,
,,,X,,,,,,,,,,,hymy,hymyilevä,hymyilyttää,,,,hymyillä,hymytä,hymyilyttää,,,hymyisä,,,,,,,,,
,,,X,,,,,,,,,,,hyväolla,hyväolo,,,,,,,,,,hyvänolontunne,hyvänolo,hyvänolotunne,,,,,,,
,,,,,,,,X,,,,,,ihastus,ihastuminen,ihailu,ihastunut,,,ihastua,ihailla,ihastuttaa,,,ihastuneisuus,,,,,,,,,
,,,,,X,,,,,,,,,ihmetys,,,,,,ihmetellä,ihmetyttää,ihmettää,,,,,,,,,,,,
,,,,X,,,,,,,,,,ikävä,,,,,,ikävöidä,,,,,ikäväkohtaus,ikäväntunne,ikävöinti,,,,,,,
,,,,,,,,,,X,,,,ilkeys,,,,,,ilkeillä,ilkeytyä,,,,,,,,,,,,,
,,,X,,,,,,,,,,,ilo,iloinen,iloisuus,ilostuminen,ilahdus,,ilahtua,ilahduttaa,iloita,,,ilomieli,ilomielisyys,ilonen,ilontunne,ilontuntu,,,,,
,,X,,,,,,,,,,,,inho,,,,,,inhota,inhottaa,,,,inhoittava,inhottava,inhottavuus,inhotus,,,,,,
,,,X,,,,,,,,,,,innostunut,into,innostuneisuus,innostus,innoissaan,,innostua,innostaa,innostuttaa,intoilla,,innokas,innokkaasti,innoite,innoittaa,innoittua,innoitus,innokkuus,innottaa,,
,,,,,,,,X,,,,,,intohimo,intohimoinen,,,,,,,,,,,,,,,,,,,
,,,,,,,,,,,X,,,itsekkyys,itsekäs,,,,,,,,,,,,,,,,,,,
,,,,,,,,,,,X,,,itsevarmuus,itsevarma,,,,,,,,,,,,,,,,,,,
,,,,,,,X,,,,,,,jännitys,jännittynyt,jännittyneisyys,jännittävä,,,jännittää,jännittyä,,,,jännittävyys,,,,,,,,,
,,,,X,,,,,,,,,,kaiho,kaihomielisyys,kaihomieli,kaihoava,,,kaihota,kaihoilla,,,,kaihoisa,,,,,,,,,
,,,,X,,,,,,,,,,kaipaus,kaipuu,kaipaava,,,,kaivata,,,,,kaipaavi,kaipailla,,,,,,,,
,,,,,,,,,X,,,,,kärsimys,,,,,,kärsiä,,,,,,,,,,,,,,
,,,,,,X,,,,,,,,kärsivällisyys,kärsivällinen,,,,,,,,,,,,,,,,,,,
,,,,,,,,,,,,,X,kateus,kateellisuus,kateellinen,,,,kadehtia,,,,,kateudentunne,,,,,,,,,
X,,,,,,,,,,,,,,katkeruus,,,,,,katkeroitua,,,,,katkera,katkeroituneisuus,,,,,,,,
,,,,,,,,,,,,X,,katumus,katuminen,,,,,katua,kaduttaa,,,,katumustila,,,,,,,,,
,X,,,,,,,,,,,,,kauhu,kauhistuneisuus,,,,,kahistua,kauhistaa,kauhistuttaa,,,kauhistella,,,,,,,,,
X,,,,,,,,,,,,,,kauna,kaunaisuus,,,,,,,,,,kaunainen,kaunantunne,,,,,,,,
X,,,,,,,,,,,,,,kiihtynyt,kiihtyneisyys,kiihtyminen,,,,kiihtyä,kiihdyttää,,,,kiihkeä,,,,,,,,,
,,,,,,,,X,,,,,,kiintymys,,,,,,kiintyä,,,,,,,,,,,,,,
,,,X,,,,,,,,,,,kiitollisuus,kiitollinen,,,,,kiittää,kiitellä,,,,,,,,,,,,,
X,,,,,,,,,,,,,,kiukku,kiukkuisuus,kiukkuinen,,,,kiukuta,kiukkuilla,kiukutella,kiukuttaa,,kiukkuisa,kikkuisesti,kiukkuissaan,kiukkunen,kiukuntunne,kiukunpuuska,kiukuissaan,kiukustua,kiukuttelu,kiukuttelukohtaus
,,,,,,,,,,,,X,,kiusaantuneisuus,kiusaantunut,kiusallinen ,,,,kiusaantua,kiusaannuttaa,,,,kiusallisuus,,,,,,,,,
,,,,,,,,,,,X,,,kunnioitus,,,,,,kunnioittaa,,,,,kunniottaa,,,,,,,,,
,,,,,,,,X,,,,,,läheisyys,,,,,,lähentyä,,,,,,,,,,,,,,
,,,,,,X,,,,,,,,laiskuus,laiska,,,,,laiskotella,laiskottaa,,,,,,,,,,,,,
,,,,,,,,X,,,,,,lämmin,lämpimyys,,,,,lämmitä,lämmittää,,,,lämmetä,,,,,,,,,
,,,,,,,,X,,,,,,lämpö,,,,,,,,,,,,,,,,,,,,
,,,,,,,,X,,,,,,lempeys,,,,,,lempiä,lempeillä,,,,lempeä,,,,,,,,,
,,,,,,X,,,,,,,,levollinen,levollisuus,,,,,levätä,,,,,levähtää,,,,,,,,,
,,,,,,,X,,,,,,,levottomuus,levoton,,,,,,,,,,levottomuudentunne,,,,,,,,,
,,,,,,,,,X,,,,,masennus,masentuneisuus,masentunut,masentava,,,masentua,masentaa,,,,masennustila,,,,,,,,,
,,,,X,,,,,,,,,,murhe,murheellinen,,,,,murheilla,,,,,murheellisuus,murheinen,,,,,,,,
,,,,X,,,,,,,,,,murjottava,murjotus,,,,,murjottaa,murjotuttaa,murjotella,,,murjottelu,murjottelua,,,,,,,,
,,,,,,,,,,,,,X,mustasukkaisuus,mustasukkainen,,,,,,,,,,mustasukkaisuudentunto,mustasukkaisuuskohtaus,mustasukkaisuuspuuska,mustasukkaisuudenpuuska,mustasukkanen,,,,,
,,,,,,,,X,,,,,,myötätunto,myötätuntoinen,,,,,,,,,,myötätuntoisuus,,,,,,,,,
,,,X,,,,,,,,,,,nauru,,,,,,nauraa,naurattaa,naureskella,,,naurunhekotus,naurunhihitys,naurunhohotus,naurunhörähdys,naurunkohtaus,naurunremahdus,,,,
,,,X,,,,,,,,,,,nautinto,nautiskeleva,,,,,nauttia,nautiskella,,,,nautinta,nautiskelu,nautinnollinen,nautinnonhetki,,,,,,
,,,,,,,X,,,,,,,odotus,odottava,odottavainen,,,,odottaa,odotella,odotuttaa,,,,,,,,,,,,
,,,X,,,,,,,,,,,onnellisuus,onni,onnellinen,,,,,,,,,onnentunne,,,,,,,,,
,,,,,,,,,X,,,,,onneton,onnettomuus,,,,,,,,,,,,,,,,,,,
,,,,,,,,,,,X,,,onnistuminen,onnistuneisuus,,,,,onnistua,onnistaa,,,,,,,,,,,,,
,,,,,,,,,X,,,,,onttous,ontto,,,,,,,,,,,,,,,,,,,
,X,,,,,,,,,,,,,pelko,pelokas,pelokkuus,pelottava,,,pelätä,pelästyä,pelottaa,pelotella,,peljätä,peljästyä,pelkotila,pelkuruus,pelontunne,pelonsekainen,pelonalainen,pelottavuus,,
,,,,,,,,,X,,,,,pettymys,pettynyt,pettyminen,,,,pettyä,pettää,,,,pettyneisyys,,,,,,,,,
,,,X,,,,,,,,,,,pirteys,pirteys,,,,,,,,,,pirteä,,,,,,,,,
,,,X,,,,,,,,,,,positiivisuus,positiivinen,,,,,,,,,,,,,,,,,,,
X,,,,,,,,,,,,,,raivo,,,,,,raivota,raivostua,raivostuttaa,,,raivoissaan,raivotila,raivokohtaus,raivonpuuska,raivonpurkaus,,,,,
,,,,,,,,X,,,,,,rakkaus,rakastunut,rakastuminen,rakastava,,,rakastaa,rakastua,,,,rakkaudentila,rakkaudentunne,rakkaudentuntemus,rakkauskokemus,,,,,,
,,,,,,X,,,,,,,,rauhallisuus,rauha,rauhallinen,,,,rauhoittua,rauhoittaa,,,,rauhaisa,rauhainen,rauhottaa,rauhantunne,,,,,,
,,,,,,,X,,,,,,,rauhattomuus,rauhaton,,,,,,,,,,rauhattomuustila,,,,,,,,,
,,,,,,,,,,,X,,,rehellisyys,,,,,,,,,,,rehellinen,,,,,,,,,
,,,X,,,,,,,,,,,riemu,riemullisuus,riemastunut,riemukas,,,riemuita,riemastuttaa,riemastua,,,riemullinen,riemukkaasti,riemastus,riemuissaan,riemukkuus,riemunpurkaus,,,,
X,,,,,,,,,,,,,,riidanhaluisuus,riitaisuus,riitainen,,,,riidellä,riitautua,,,,riidanhaluinen,riitaantua,riitely,,,,,,,
,,,,,,,,,,,X,,,rohkeus,rohkea,rohkeamielisyys,,,,,,,,,,,,,,,,,,
,,,,X,,,,,,,,,,sääli,säälivä,,,,,sääliä,säälittää,,,,säälintunne,sääliväinen,,,,,,,,
,,,,X,,,,,,,,,,suru,surullinen,surullisuus,,,,surra,surettaa,,,,suruinen,surumielinen,surumielisyys,,,,,,,
X,,,,,,,,,,,,,,suuttumus,suuttuminen,suuttunut,suuttuneisuus,,,suuttua,suututtaa,suutahtaa,,,suutuksissa,suutuspäissään,,,,,,,,
,,,,,,,,X,,,,,,sympatia,sympaattinen,,,,,,,,,,sympaattisuus,,,,,,,,,
,,,,,,,,,,,,X,,syyllisyys,,,,,,syyllistää,,,,,,,,,,,,,,
,,,,,,X,,,,,,,,tasapainoisuus,tasapaino,,,,,tasapainoilla,tasapainottaa,,,,tasapainoinen,tasapainoilu,tasapainonen,,,,,,,
,,,X,,,,,,,,,,,toiveikkuus,toiveikas,toive,,,,toivoa,,,,,toivehikkuus,toivo,toivoikas,,,,,,,
,,,,,,,,,X,,,,,toivottomuus,toivoton,,,,,,,,,,toivotonna,,,,,,,,,
X,,,,,,,,,,,,,,turhautuneisuus,turhautuminen,turhautunut,turhauma,,,turhautua,turhauttaa,,,,turhautuma,turhautumatilanne,,,,,,,,
,,,,,,X,,,X,,,,,turta,turtunut,turtumus,,,,turtua,turruttaa,,,,turtumustila,,,,,,,,,
,,,,,,X,,,,,,,,turvallisuus,turvallinen,,,,,turvautua,turvata,,,,turvaisa,turvallisuudentunne,turvallisuusolo,turvallisuudentuntu,,,,,,
,,,,,,,,,X,,,,,tuska,tuskaisuus,tuskastunut,,,,tuskastua,tuskailla,tuskastuttaa,,,tuskaantua,tuskainen,tuskallisuus,tuskanhetki,tuskantila,tuskantunto,tuskatila,tuskautua,,
,,,,,,,,,X,,,,,tyhjyys,tyhjä,,,,,tyhjentää,,,,,tyhjätuntuinen,,,,,,,,,
,,,,,,X,,,,,,,,tyyneys,tyyni,,,,,tyyntyä,tyynnyttää,,,,,,,,,,,,,
,,,,X,,,,,,,,,,tyytymätön,tyytymättömyys,,,,,,,,,,,,,,,,,,,
,,,X,,,,,,,,,,,tyytyväisyys,tyytyväinen,,,,,,,,,,,,,,,,,,,
,X,,,,,,,,,,,,,ujous,ujo,,,,,ujostella,ujostuttaa,ujostua,,,ujottaa,ujoudenpuuska,ujouskohtaus,,,,,,,
,,,,,,,,,,X,,,,välinpitämättömyys,välinpitämätön ,,,,,,,,,,,,,,,,,,,
,,,,,,,,X,,,,,,välittäminen,välittää,,,,,,,,,,,,,,,,,,,
,,,,,,X,,,,,,,,vapaus,vapauden tunne,vapaa,,,,vapautua,vapauttaa,,,,vapaudenhuuma,vapaudentunto,vapaudentuntu,vapaudentunne,vapaushuuma,vapautuneisuus,,,,
X,,,,,,,,,,,,,,viha,vihaisuus,vihainen,vihastuminen,,,vihata,vihastua,vihastuttaa,,,vihaisa,vihanpurkaus,vihanpuuska,vihantunne,vihantäyttämä,vihanvimma,vihapäissään,,,
,,,,,,X,,,,,,,,viileys,viileä,,,,,viilentyä,viiletä,,,,,,,,,,,,,
,X,,,,,,,,,,,,,voimaton,voimattomuus,,,,,,,,,,voimattomana,voimattomuudentunne,,,,,,,,
,,,,,,,,,X,,,,,yksinäisyys,yksinäinen,yksin,,,,,,,,,yksinäiyydentunne,,,,,,,,,
,,,,,X,,,,,,,,,yllättyneisyys,yllättynyt,,,,,yllättyä,yllättää,,,,yllättyneisyys,,,,,,,,,
,,,,,,,,,,,X,,,ylpeys,ylpeä,,,,,ylpeillä,ylvistellä,,,,ylpeydentunne,ylpeily,ylvästely,ylvästellä,ylpee,ylpedentunto,ylpeys,,,
,,,,,,,,X,,,,,,ystävällisyys,,,,,,,,,,,,,,,,,,,,